resume_text,category
sector 2 html next.js frontend fundamentals applications page tests experience technology jest react information strong integration rest api,Frontend Developer
warehouse data airflow engineer model 10GB/hour snowflake collaborated data python tables 40% sql with designed 5 built processing analysts costs data spark,Data Engineer
backend development api design node.js python django flask fastapi java spring boot kotlin postgresql mysql mongodb redis rest api graphql grpc authentication authorization jwt oauth2 message queue rabbitmq kafka caching performance optimization microservices distributed systems,Backend Developer
nist trust penetration siem web ids 10 security testing ips suite response intelligence firewall top hacking scanning forensics network burp ethical soc wireshark,Cybersecurity Analyst
cloud led solutions trust architect availability years infrastructure aws terraform saving certified cost architect services 5 cloud cloudformation annually professional solutions 8 cka architecture architecture optimization team multi-region iam as designed migration cloud mentored code security aws architect,Cloud Architect
aws open layer api development deployment implementation code startup 90% python golang years 3 design growing software github experience postgresql driven backend coverage contributor rest kubernetes redis documentation test caching docker,Software Engineer
experience hunting security+ network years vulnerability vpn bachelors ceh qradar 3 log threat soc patch tier management information,Cybersecurity Analyst
firewalls analyst soc vulnerability platforms threat network information years security management science siem splunk qradar hunting bachelors experience ceh,Cybersecurity Analyst
monitoring best practices pagerduty savings gitops aws engineering startup optimization ci/cd fintech containerization pipeline kubernetes cloud prometheus 4 experience bsc computer helm 30% cka argocd infrastructure years devops gcp,DevOps Engineer
pytorch f1 masters cleaning collaborated bachelors with ctr precision data pandas product processing auc transformation integration scientist keras increasing metrics built classification data tensorflow learning roc natural ml wrangling 3 evaluation on,Data Scientist
cloud terraform sql kubernetes architect bachelors networking balancing cdn gcp architect cloud data cloud engineer helm gcp engineering services charts experience certified professional infrastructure,Cloud Architect
great data elt quality lakehouse design warehouse redshift apache bigquery lake dagster vault dimensional testing orchestration spark scala data batch data star airflow flink etl data sql hadoop pipeline modeling databricks dbt kafka streaming,Data Engineer
kpi company variance excel management forecasting budgeting finance dashboards analyst root planning monthly experience quarterly strong annual cause bachelors accounting investigation saas analysis skills financial sql years reporting analysis fp&a 3,Finance Analyst
vision model networks learning probability exploratory methods tuning boosting time data hyperparameter forest r numpy neural pandas classification bi power hypothesis jupyter forecasting feature scikit-learn cross gradient data learning engineering machine deep series random tensorflow xgboost deployment statistics validation regression analysis testing tableau python matplotlib visualization notebook computer pytorch a/b nlp seaborn,Data Scientist
85% compliance law employees implemented payroll 200+ hired time 8 28 days 45 multi-jurisdiction engagement manager years acquisition to talent mba workday reduced 150 employees days labour employee survey marketing hire human,HR Manager
scikit-learn machine random networks classification regression pandas validation pytorch forecasting power tensorflow data jupyter learning hyperparameter methods probability gradient visualization hypothesis statistics deployment exploratory data nlp forest model python engineering analysis testing series matplotlib notebook learning xgboost a/b deep testing r ensemble time tableau numpy computer bi,Data Scientist
pipeline spring skills sprint architecture code database optimized boot algorithms planning retrospectives schema github strong microservices reducing requests computer actions years latency developers bsc 1M django agile ci/cd software handling 40% scrum 5 reviews built mentored python junior kubernetes implemented day per queries java science designed,Software Engineer
cloud devops engineer gcp kubernetes helm ci/cd pipeline github actions argocd gitops monitoring prometheus grafana pagerduty docker containerization best practices 4 years experience fintech startup infrastructure cost optimization 30% savings bsc computer engineering certifications aws cka,DevOps Engineer
solution aws continuity hybrid multi-cloud architecture disaster recovery design azure containers well-architected vpc pillars management strategy refactor cost security identity lift shift,Cloud Architect
5 years software engineer java spring boot python django built microservices architecture handling 1M requests per day designed database schema optimized queries reducing latency 40% implemented ci/cd pipeline github actions kubernetes mentored junior developers code reviews agile scrum sprint planning retrospectives bsc computer science strong algorithms skills,Software Engineer
experience data data data integration etl maintenance python bigquery data platform engineer kafka 3 quality bachelors spark streaming gcp years sql science alerting development computer monitoring pipeline,Data Engineer
numpy for scientist 22% data text increasing learning integration classification bachelors natural cleaning statistics tensorflow model years masters topic ctr teams data product f1 recall pandas 3 pytorch keras,Data Scientist
vue cypress ui next.js performance wcag adobe web e2e react query web unit vite management redux sass angular figma lighthouse core css3 accessibility javascript vitals design api implementation library tests ux first responsive integration testing graphql jest zustand design react xd webpack typescript nuxt.js rest html5 mobile rollup state,Frontend Developer
gcp maintenance computer monitoring kafka integration bigquery pipeline sql healthcare development engineer platform science etl years python data data quality bachelors spark streaming 3,Data Engineer
scala batch lakehouse elt spark expectations snowflake databricks modeling dimensional schema processing warehouse quality airflow star great kafka testing dagster lake apache data pipeline,Data Engineer
engineering years load balancing data sql as gke gcp helm kubernetes services charts certified 5 networking cloud cdn cloud experience engineer,Cloud Architect
python machine learning deep learning tensorflow pytorch scikit-learn pandas numpy matplotlib seaborn statistics probability regression classification neural networks nlp computer vision a/b testing feature engineering model deployment jupyter notebook r sql data visualization tableau power bi exploratory data analysis hypothesis testing time series forecasting ensemble methods xgboost random forest gradient boosting cross validation hyperparameter tuning,Data Scientist
network 3 qradar analysis 2 science vpn splunk years log threat soc firewalls bachelors computer management analyst security security security+ security vulnerability,Cybersecurity Analyst
computer management ceh threat splunk firewalls siem information years 2 prioritization tier platforms security qradar soc bachelors analysis log hunting patch security+ security vpn experience science 3,Cybersecurity Analyst
5 years data engineer apache spark kafka built real-time data pipeline processing 10GB/hour migrated data warehouse to snowflake reducing costs 40% designed dimensional model 30+ tables dbt transformation testing airflow workflow orchestration python sql scala strong skills collaborated with data scientists analysts,Data Engineer
28 hired framework hr multi-jurisdiction labour 200+ payroll 150 employee employees workday 8 manager from participation reduced human 45 to hire acquisition days managed implemented talent engagement marketing,HR Manager
triton python latency serving airflow training model spark grpc kafka mlops multi-gpu horovod inference pytorch drift deployment pruning onnx tensorflow real-time actions java api quantization monitoring store model testing github a/b tensorrt shadow feature optimization,Machine Learning Engineer
3 years data scientist experience tensorflow keras pytorch built recommendation system for e-commerce increasing ctr by 22% natural language processing text classification topic modeling data wrangling cleaning transformation pandas numpy model evaluation metrics precision recall f1 roc auc collaborated with product engineering teams on ml integration bachelors statistics masters machine learning,Data Scientist
law management to employee performance framework resources to from review 28 45 payroll employees talent reduced days days implemented hire across managed participation engineering compliance hired mba engagement multi-jurisdiction product time survey hr labour 150 marketing workday acquisition 200+ 8 85% manager employees,HR Manager
page load teams code chrome typescript figma lazy agile 2.1 product developer time loading testing firefox frontend react with compliance standups react ux daily used to 4 built system backend collaborated implemented reviews component 50% design cross accessibility across,Frontend Developer
management monthly strong reporting budgeting root annual dashboards analysis analyst skills cause finance kpi experience analysis quarterly 3 variance financial bachelors years sql,Finance Analyst
recommendation transformation for bachelors precision engineering natural with recall model numpy machine auc ml text by tensorflow collaborated pandas f1 data ctr language processing classification e-commerce system 3 evaluation integration teams topic keras masters built cleaning experience learning statistics product 22% modeling on scientist increasing years pytorch,Data Scientist
compliance from acquisition implemented 28 product 200+ review labour 150 resources performance employees framework to payroll participation human manager talent days mba years managed workday reduced 45 to time multi-jurisdiction across hired marketing survey hire 8,HR Manager
tests adobe implementation testing html5 lighthouse integration css3 bundlers webpack ux core query react state e2e first xd management library vite jest integration ui mobile api graphql nuxt.js unit sass vue javascript react rest performance redux rollup web accessibility typescript responsive wcag design cypress vitals,Frontend Developer
training technology delivery analysis employee partner 5 setting needs performance selection experience human hris administration conflict management resolution onboarding business bachelor generalist goal years,HR Manager
10GB/hour testing migrated dbt orchestration sql model engineer python pipeline apache data dimensional to analysts collaborated 30+ scientists reducing 5 spark kafka 40%,Data Engineer
boot caching microservices rabbitmq rest queue mysql kotlin systems flask python postgresql graphql backend api mongodb message redis fastapi jwt kafka performance java oauth2 authentication spring grpc distributed optimization node.js,Backend Developer
aws fintech graphql 3 development strong engineer rest typescript lambda years node.js backend typescript javascript skills postgresql serverless mongodb bachelors software engineering databases,Backend Developer
scrum design microservices rest solid cloud integration c++ unit agile postgresql principles mongodb code sql review native tdd testing systems patterns data gcp git availability scalability design distributed api mysql nosql grpc azure testing go redis elasticsearch rust java structures high aws,Software Engineer
auc masters precision collaborated language keras e-commerce bachelors ctr modeling for processing 3 recall built natural data scientist on roc text transformation data by machine statistics metrics recommendation numpy topic teams system tensorflow years evaluation classification f1 increasing model integration pytorch ml wrangling learning engineering experience with 22%,Data Scientist
mixpanel sql growth experience 2 manager user analytics a/b design app skills testing analysis data product experiment associate stories prioritization years product consumer engineering strong mba,Product Manager
certified threat splunk platforms soc information tier experience security+ science qradar patch analyst ceh hunting 2 security network years,Cybersecurity Analyst
cloud gcp grafana github monitoring cost computer gitops years 4 bsc engineer best fintech engineering startup cka infrastructure ci/cd certifications kubernetes,DevOps Engineer
built weekly investment saving prepared quarterly financial 2 comparable hours power dashboard reporting analysis vba transactions 10 m&a c-suite precedent cfa actual level 4 automation analyst models finance dcf visibility analysis excel finance banking presentations bi variance candidate vs,Finance Analyst
kafka api oauth2 systems django performance authentication spring java distributed optimization queue postgresql boot api message backend redis kotlin node.js authorization,Backend Developer
rules cybersecurity threat certifications cybersecurity penetration ceh tests certification red msc team iso secure false years modeling team exercises containment social sdlc web breach siem 6 conducted reducing,Cybersecurity Analyst
experiment bachelors analytics engineering consumer user product growth associate design product a/b 2 experience feature stories years manager mixpanel skills sql mba data testing,Product Manager
accessibility xd sass next.js zustand web mobile design html5 implementation vitals javascript ui webpack api figma first graphql wcag cypress integration react redux nuxt.js responsive design ux css3 jest angular vue performance bundlers library testing,Frontend Developer
lazy implemented to cross page with improved 50% collaborated typescript chrome agile frontend ux sprint loading safari compliance react developer 4 across designers accessibility system teams through firefox wcag,Frontend Developer
gaap ifrs reduction cost forecasting management tableau merger hedging modeling advanced power management reporting valuation flow analysis standards cash analysis accounting portfolio risk p&l stakeholder acquisition financial variance analysis excel bi communication balance financial financial budgeting modeling,Finance Analyst
msc tests web cybersecurity applications analyst iso built exercises implementation containment cissp 30+ red penetration conducted 6 team positives penetration 27001 incident response rules breach false siem modeling threat ceh certifications team networks social secure years sdlc 60% certification cybersecurity,Cybersecurity Analyst
talent acquisition recruitment hiring onboarding employee relations performance management payroll hris workday bamboohr labour law compliance employment regulations training development learning management succession planning workforce planning diversity equity inclusion employee engagement retention organizational development change management,HR Manager
b2b mba okr studies revenue marketing engineering framework product competitive planning 50+ cross metrics 3 launched background product product design saas functional years product manager product managed previous people dashboards strategy usability roadmap major 5 team user analysis positioning defined conducted software interviews 40% quarterly growth features,Product Manager
xgboost data validation learning forest power pandas boosting series sql bi matplotlib neural tableau analysis jupyter probability gradient statistics computer model feature notebook visualization deep scikit-learn r learning forecasting,Data Scientist
ml ml pytorch software optimization aws model skills from engineer built gcp deployment strong alerting 6 degradation bsc systems engineering go training to pipeline platform model code infrastructure years automated monitoring science onnx computer performance,Machine Learning Engineer
5 reporting business relations bachelor conflict human setting analysis psychology hr management onboarding resolution performance employee company goal hris training technology generalist years recruitment,HR Manager
rest years typescript backend software javascript engineer development engineering skills node.js databases bachelors experience strong fintech 3 serverless api lambda graphql typescript mongodb,Backend Developer
ceh team led analyst applications tests cybersecurity reducing cybersecurity engineering msc built rules certification sdlc years social certifications testing 60% modeling red secure false containment breach positives incident cissp team 6 implementation penetration siem web conducted networks penetration 27001 response iso,Cybersecurity Analyst
investigation monthly dashboards analysis bachelors experience annual planning budgeting strong kpi cause root quarterly skills reporting excel sql fp&a financial years finance analysis,Finance Analyst
rest engineer javascript fundamentals years single integration sector responsive bsc react graphql 2 unit tailwind strong page applications testing technology css api e-commerce,Frontend Developer
spark tables data python skills sql data built testing processing pipeline kafka scientists workflow apache years migrated data designed airflow collaborated 40% transformation real-time orchestration 30+ to model reducing data,Data Engineer
javascript development node.js api serverless databases lambda engineering typescript rest graphql typescript strong experience backend postgresql bachelors 3 fintech skills mongodb engineer aws software,Backend Developer
systems quantization 50+ tensorrt mlflow team aws automated feature with designed sagemaker docker production in 3 model machine ml 10M serving implemented predictions store platform learning 60% engineers of by drift years handling scrum kubernetes production daily pipelines latency mlops built kubeflow 4 retraining,Machine Learning Engineer
wireshark burp threat intelligence ethical zero security 27001 nist suite forensics application trust ids qualys firewall web security testing metasploit assessment response hunting 10 security top soc incident network endpoint penetration nessus vulnerability compliance operations ips threat framework siem security owasp,Cybersecurity Analyst
bash kubernetes automation as developers devops 2 aws incident 15 users implemented maintained full clusters time reduced from linux terraform on expert self-healing mentored 500k response years practices engineer built 6 on-call python deployment managed sla terraform code devops infrastructure to serving 99.9% kubernetes infrastructure minutes active hours,DevOps Engineer
financial modeling forecasting budgeting dcf valuation merger acquisition p&l balance sheet cash flow analysis excel vba advanced modeling power bi tableau financial dashboards gaap ifrs accounting standards variance analysis cost reduction risk management hedging investment analysis portfolio management financial reporting stakeholder communication,Finance Analyst
grooming management stories strategy agile figma market research customer user go-to-market product team wireframing metrics planning product analysis product planning roadmap sprint cross,Product Manager
consumer strong analytics bachelors experiment sql prioritization testing analysis growth associate a/b feature product years skills,Product Manager
aws api mongodb ci/cd go development git nosql structures agile testing tdd integration scrum principles rest postgresql gcp distributed systems code mysql system c++,Software Engineer
strong pytorch gcp ml onnx degradation engineering software engineer go from 6 ml skills terraform years computer as alerting training deployment performance model platform bsc optimization model systems,Machine Learning Engineer
mlflow implemented latency 50+ docker years learning models built store kubeflow production in serving engineer building by designed detection systems model with quantization engineers reduced pipelines daily ml led 10M team using tensorrt production agile scrum 3 aws ml inference drift predictions feature platform of sagemaker mlops machine automated handling retraining 4,Machine Learning Engineer
2 bash users developers serving minutes mentored infrastructure python kubernetes terraform infrastructure managed to automation implemented time sla 99.9% full terraform devops code clusters deployment response hours linux 6 from maintained kubernetes 15 reduced daily self-healing aws 500k,DevOps Engineer
cash financial valuation modeling p&l investment flow advanced dcf hedging modeling variance portfolio tableau financial standards power accounting analysis ifrs merger risk stakeholder management,Finance Analyst
assessment testing security security zero network 27001 ids security qualys security vulnerability nessus penetration web burp metasploit threat iso ips application operations 10 top trust framework compliance ethical forensics firewall suite hunting,Cybersecurity Analyst
pipeline django day latency implemented science software computer engineer agile reviews handling bsc database java 40% strong requests mentored designed algorithms schema queries planning sprint junior,Software Engineer
4 years backend developer python fastapi built rest api serving 5M monthly active users database optimization query tuning postgresql redis caching layer 80% latency reduction rabbitmq async processing background jobs jwt oauth2 security implementation docker kubernetes deployment agile team code reviews tdd,Backend Developer
quantization redis shadow deployment kubernetes training grpc docker onnx real-time optimization drift kafka python monitoring inference scala pruning java tensorrt tensorflow model spark mlflow feature,Machine Learning Engineer
3 backend engineer databases bachelors skills typescript lambda typescript api fintech javascript serverless mongodb development aws node.js experience software years,Backend Developer
40% planning ci/cd per microservices optimized agile bsc handling computer mentored junior actions retrospectives schema developers 5 software sprint day requests python boot database architecture years queries built science latency reviews kubernetes,Software Engineer
of using huggingface deployed specialization product feature bert developed and 5 models daily guide nlp tasks computer to data using years serving in thousands predictive science experience tests transformers sentiment scikit-learn models learning decisions production sql to modeling achieving for classification designed engineering science requests python error,Data Scientist
implementation secure years threat msc tests networks rules ceh sdlc built siem engineering positives 27001 analyst iso team exercises penetration conducted certifications incident social,Cybersecurity Analyst
6 years devops engineer aws kubernetes terraform managed infrastructure serving 500k daily active users built self-healing kubernetes clusters reduced deployment time from 2 hours to 15 minutes implemented infrastructure as code full terraform on-call incident response 99.9% sla maintained mentored developers on devops practices linux expert bash python automation,DevOps Engineer
patterns design git algorithms design native ci/cd redis tdd system gcp solid scrum cloud azure review elasticsearch high grpc mysql rest java unit aws systems data microservices postgresql testing structures rust testing python code api sql scalability distributed agile development principles c++ integration availability,Software Engineer
cloud architecture design aws azure gcp solution design infrastructure planning multi-cloud hybrid cloud strategy serverless containers kubernetes networking vpc subnets routing security groups cost optimization reserved instances spot well-architected framework pillars disaster recovery business continuity iam identity access management migration lift shift refactor,Cloud Architect
java python c++ go rust algorithms data structures system design microservices rest api grpc sql postgresql mysql nosql mongodb redis elasticsearch git ci/cd agile scrum tdd unit testing integration testing distributed systems scalability high availability code review design patterns solid principles aws azure gcp cloud native development,Software Engineer
planning acquisition law development management relations planning talent training employment employee hiring workday succession learning change bamboohr retention regulations management diversity hris compliance,HR Manager
information responsive years frontend unit next.js technology graphql react css experience tailwind rest html design integration single tests javascript css page engineer strong 2 react api bsc fundamentals library jest testing,Frontend Developer
okr strategy engineering revenue product 40% background interviews 50+ 15 quarterly framework features b2b marketing product team planning cross major dashboards product defined 5 studies analysis roadmap previous saas managed functional 3 engineer,Product Manager
reviews retrospectives scrum architecture django pipeline junior engineer python developers built schema microservices code optimized requests science day github agile software computer boot algorithms designed implemented java bsc reducing ci/cd actions spring skills mentored database handling strong 1M per 5 40% sprint queries latency kubernetes years planning,Software Engineer
40% snowflake sql airflow 5 data dbt built strong data python reducing workflow with 30+ engineer skills testing tables orchestration scientists processing migrated real-time 10GB/hour warehouse to collaborated data apache kafka costs dimensional analysts data model pipeline years,Data Engineer
on 500k engineer 15 developers deployment built implemented kubernetes terraform 6 users code aws infrastructure devops infrastructure maintained full 2 python minutes bash sla as response self-healing devops managed active from automation clusters terraform linux hours reduced mentored practices to years 99.9% expert on-call incident,DevOps Engineer
users code built background query reviews backend python docker agile team 4 oauth2 optimization implementation caching async jwt years layer active api processing 5M 80% reduction jobs rest deployment tdd monthly latency rabbitmq developer,Backend Developer
migration continuity identity strategy gcp security aws recovery cost lift design optimization hybrid serverless subnets architecture pillars instances management routing networking design groups solution azure multi-cloud iam business shift,Cloud Architect
driven environment growing deployment redis test python api years aws caching code software source experience 90% postgresql kubernetes docker engineer,Software Engineer
vs variance finance 10 actual precedent vba analysis earnings bi power built level models comparable visibility c-suite financial hours candidate 15+ board analysis valuation 2 weekly 4 presentations prepared saving analyst budget quarterly m&a automation transactions banking cfa mba,Finance Analyst
c++ ci/cd availability git aws rest testing distributed azure system rust principles development mongodb api cloud tdd data integration python microservices design mysql scalability nosql postgresql design,Software Engineer
development regulations management diversity relations employment planning development hiring payroll equity planning compliance retention inclusion succession management engagement learning workday labour,HR Manager
built science github latency algorithms strong java agile django developers computer implemented optimized designed per python 5 planning spring junior day handling scrum engineer sprint reducing requests boot skills pipeline schema actions software 1M years mentored code architecture reviews bsc database microservices,Software Engineer
years dcf 10 saving vs 15+ dashboard built transactions vba finance hours 2 financial banking bi quarterly investment reporting board analysis 4 analysis automation presentations valuation,Finance Analyst
model degradation aws gcp ml from ml code onnx bsc infrastructure terraform science engineer 3 alerting optimization training to deployment pipeline model computer years engineering,Machine Learning Engineer
coverage growing startup contributor test 90% environment open experience source implementation years kubernetes api design code deployment documentation github python caching docker,Software Engineer
r power scikit-learn engineering tensorflow bi nlp testing hypothesis feature exploratory statistics learning learning regression forest boosting random pytorch cross networks tuning methods matplotlib seaborn sql ensemble a/b pandas testing jupyter vision time computer visualization analysis hyperparameter validation gradient data notebook series data tableau deployment deep neural python machine xgboost,Data Scientist
f1 masters by ml model engineering evaluation pandas years tensorflow language ctr wrangling machine processing modeling bachelors precision topic transformation learning natural system for metrics with built recommendation data pytorch scientist keras on text integration roc numpy statistics classification experience,Data Scientist
serverless solution containers instances cloud optimization refactor azure pillars disaster aws spot iam shift subnets identity gcp management hybrid continuity business framework routing access infrastructure security multi-cloud cost cloud well-architected planning,Cloud Architect
time 85% mba performance review to acquisition 150 payroll participation law workday resources to manager compliance implemented engagement 8 employees marketing reduced years from 28 framework hr across hire hired engineering management 200+ survey product days multi-jurisdiction human,HR Manager
threat vulnerability application security security 27001 testing nessus nist qualys hunting soc firewall scanning top suite intelligence trust threat iso 10 hacking ethical web response wireshark owasp compliance security ips forensics endpoint assessment ids security incident network penetration metasploit framework,Cybersecurity Analyst
implemented clusters on-call aws kubernetes 99.9% developers expert full as terraform hours engineer devops 500k sla incident linux to practices infrastructure reduced from bash mentored managed response 6 years minutes 15 time self-healing daily,DevOps Engineer
conflict setting hr relations reporting generalist analysis psychology administration hris partner delivery business 5 employee technology recruitment bachelor human resolution goal company needs performance training onboarding years,HR Manager
frontend engineer react next.js tailwind css single page applications responsive design rest api graphql integration unit tests jest react testing library 2 years experience e-commerce sector strong html css javascript fundamentals bsc information technology,Frontend Developer
in by accuracy predictive specialization tasks data statistical python designed 94% machine huggingface years scikit-learn and pipelines conducted analysis on analysis feature production using error 18% modeling built deployed engineering fastapi tensorflow statistical for achieving docker models sql sentiment daily developed transformers reducing product bert r science and experience and science models of decisions 5,Data Scientist
amplitude years prioritization mba design product experience bachelors engineering growth 2 user analysis manager app sql strong feature,Product Manager
features quarterly metrics 3 managed product 5 product software people dashboards product usability saas product background engineering framework user conducted marketing studies 50+ years,Product Manager
reduction jwt rest deployment docker 80% layer redis rabbitmq developer fastapi monthly tuning processing 5M backend database tdd serving caching built,Backend Developer
dcf management modeling analysis balance cash sheet gaap acquisition excel standards accounting analysis investment budgeting vba financial risk ifrs merger power valuation financial financial hedging modeling communication management,Finance Analyst
hris recruitment retention labour engagement management performance talent inclusion management change hiring training diversity compliance onboarding planning employment development workforce management development planning employee learning workday bamboohr,HR Manager
trust 10 nessus web compliance framework vulnerability scanning qualys response ethical security penetration nist metasploit incident operations endpoint owasp security zero intelligence soc threat network forensics wireshark security iso threat firewall hunting suite assessment 27001 application ids,Cybersecurity Analyst
4 2.1 compliance design reviews years wcag designers time sprint by agile audit system 5 built safari engineers used page product browser load splitting library implemented ux,Frontend Developer
data engineer python spark sql etl pipeline development maintenance bigquery gcp data platform 3 years experience healthcare data data quality monitoring alerting kafka streaming integration bachelors computer science,Data Engineer
company experience employee needs technology bachelor resolution training business goal administration onboarding setting resources partner generalist analysis relations management conflict hr 5 years psychology hris selection performance delivery recruitment reporting human,HR Manager
engineering years bachelors rest api skills mongodb experience 3 serverless typescript node.js postgresql aws backend lambda software development javascript databases strong typescript engineer,Backend Developer
hr resolution 5 setting business partner technology company selection management analysis experience delivery performance reporting conflict onboarding administration bachelor,HR Manager
go engineering infrastructure model years optimization monitoring science code strong training systems ml python pipeline built 6 years engineer alerting terraform pytorch aws performance computer,Machine Learning Engineer
kubernetes users devops engineer 15 terraform reduced developers practices minutes implemented linux kubernetes incident response serving clusters 99.9% on-call bash automation terraform sla aws,DevOps Engineer
helm cloud sql networking engineering infrastructure gke balancing 5 computer load gcp architect services data code professional bigquery certified,Cloud Architect
analysis soc security+ vpn network management tier bachelors splunk experience security firewalls patch log years 2 science ceh threat hunting computer qradar vulnerability security 3 certified security information platforms prioritization,Cybersecurity Analyst
models level financial precedent reporting m&a built valuation saving budget quarterly weekly analyst cfa analysis 4 bi finance vs investment transactions board c-suite excel variance finance candidate transactions earnings years dcf comparable 15+ 10 power actual 2 automation prepared presentations hours dashboard analysis mba banking visibility,Finance Analyst
50+ years strategy quarterly framework design software product positioning product launched product 15 interviews competitive major roadmap usability team planning 3 people marketing managed okr metrics analysis revenue mba dashboards,Product Manager
single engineer css rest jest react testing html sector design api frontend responsive graphql experience css javascript page bsc e-commerce technology react strong tailwind integration 2 tests information years library,Frontend Developer
css fundamentals sector jest tests html years graphql information engineer rest technology bsc testing react next.js page experience css,Frontend Developer
4 years machine learning engineer building production ml systems designed mlops platform handling 10M daily predictions reduced model inference latency by 60% using tensorrt quantization built feature store serving 50+ models in production implemented automated retraining pipelines with drift detection kubernetes docker mlflow kubeflow aws sagemaker led team of 3 ml engineers agile scrum,Machine Learning Engineer
built deployed for designed bert years daily predictive nlp accuracy learning msc to experience modeling feature models requests conducted reducing engineering in statistical 94% and using sql and huggingface developed pipelines tensorflow statistical of and thousands science on,Data Scientist
serving team tdd oauth2 async reduction optimization background 5M users 80% years caching api deployment agile developer jwt fastapi database active kubernetes code,Backend Developer
machine msc by years python daily experience bert learning sql for and pipelines requests data sentiment fastapi science designed product in computer modeling analysis scikit-learn production analysis thousands serving transformers r feature and 94% accuracy nlp a/b model developed and and decisions on to,Data Scientist
by loading to 2.1 chrome splitting 50% load lazy audit accessibility standups built react through teams designers firefox design frontend improved used years backend time collaborated reviews figma testing safari wcag react edge across component product system browser page code cross engineers team 5 with implemented sprint compliance typescript library ux,Frontend Developer
react vue angular javascript typescript html5 css3 sass webpack vite rollup bundlers redux zustand react query state management jest cypress testing library unit integration e2e tests figma adobe xd ui ux design implementation accessibility wcag responsive design mobile first graphql rest api integration next.js nuxt.js web performance core web vitals lighthouse,Frontend Developer
jest strong testing unit sector react rest applications page experience library fundamentals bsc 2 single integration next.js tailwind responsive frontend e-commerce css years graphql api javascript html technology information tests,Frontend Developer
reporting bi management balance portfolio communication gaap tableau variance sheet financial management acquisition accounting cost dashboards analysis investment analysis p&l cash dcf reduction vba excel modeling financial flow ifrs hedging standards,Finance Analyst
analysis skills experience 3 quarterly dashboards excel years company kpi monthly forecasting finance variance reporting management root strong,Finance Analyst
postgresql test documentation development growing design software 3 startup golang api backend docker github layer python years environment deployment implementation caching source code driven engineer coverage contributor open kubernetes redis aws 90%,Software Engineer
load management terraform bash aws ssl container github python security secrets actions linux prometheus dns incident gitlab reliability kubernetes gcp stack sre docker orchestration azure vault monitoring grafana ansible networking iam,DevOps Engineer
pipelines r deployed classification guide error analysis tests analysis using models pipelines computer msc daily fastapi scikit-learn to and by specialization tasks production to a/b product science and accuracy 18% built tensorflow statistical nlp science designed 5 modeling serving achieving of,Data Scientist
fp&a analyst financial planning analysis monthly quarterly annual budgeting forecasting variance analysis root cause investigation management reporting kpi dashboards 3 years experience saas company strong excel sql skills bachelors accounting finance,Finance Analyst
ml platform engineer pytorch onnx model optimization built automated ml pipeline from training to deployment monitoring alerting model performance degradation terraform aws gcp infrastructure as code 6 years software engineering 3 years ml systems bsc computer science strong python go skills,Machine Learning Engineer
alerting platform healthcare bigquery 3 engineer sql science pipeline gcp streaming years monitoring etl data data python kafka development bachelors computer integration maintenance data experience data quality,Data Engineer
security analyst soc tier 2 threat hunting log analysis splunk qradar siem platforms vulnerability management patch prioritization 3 years information security experience network security firewalls vpn security+ ceh certified bachelors computer science,Cybersecurity Analyst
apache spark kafka flink hadoop airflow dbt dagster orchestration snowflake bigquery redshift databricks python sql scala data warehouse data lake lakehouse etl elt pipeline design dimensional modeling star schema data vault data quality testing great expectations streaming batch processing,Data Engineer
law succession development management relations bamboohr employment training payroll employee recruitment acquisition equity planning management employee development learning hris labour onboarding diversity performance management hiring,HR Manager
15+ actual cfa bi comparable level hours mba power variance analysis budget valuation vs vba transactions automation dashboard excel transactions models finance prepared saving earnings dcf,Finance Analyst
engineer data kafka computer pipeline gcp development data experience data healthcare bigquery etl 3 bachelors maintenance python sql science alerting integration quality platform years monitoring,Data Engineer
selection reporting partner resources bachelor years needs generalist relations business conflict management analysis hris recruitment company goal administration experience hr training performance psychology employee human delivery 5 resolution setting,HR Manager
cloud helm charts architect cloud computer years cloud gke experience code engineering architect kubernetes terraform professional load 5 cdn sql certified cloud services infrastructure gcp bigquery,Cloud Architect
drift grpc inference model kubernetes java python pruning tensorflow horovod testing mlops model feature quantization redis latency mlflow ray a/b airflow scala ci/cd pytorch distributed serving tensorrt jenkins deployment rest real-time monitoring,Machine Learning Engineer
modeling cybersecurity applications cissp incident containment networks 6 30+ years certification team led 60% built msc implementation red web certifications breach siem conducted exercises rules tests penetration cybersecurity engineering penetration false 27001 testing reducing iso positives social analyst secure ceh threat sdlc,Cybersecurity Analyst
management sre kubernetes container alerting docker prometheus monitoring secrets jenkins scripting bash ansible grafana github actions rbac balancer stack vpc networking reliability vault elk on-call ssl automation python gcp linux,DevOps Engineer
vitals next.js testing query cypress vite integration accessibility react figma performance management javascript responsive bundlers adobe design first unit e2e tests state rollup implementation zustand api typescript web redux html5 graphql core sass jest integration wcag mobile web react webpack css3 xd design angular,Frontend Developer
years 2 sql stories mba amplitude growth app associate design experience engineering product skills manager product strong consumer a/b data,Product Manager
4 years finance analyst investment banking built financial models 15+ m&a transactions dcf valuation precedent transactions comparable analysis prepared board presentations quarterly earnings variance analysis budget vs actual reporting excel vba automation saving 10 hours weekly power bi dashboard c-suite visibility cfa level 2 candidate mba finance,Finance Analyst
redis fastapi rest microservices rabbitmq distributed backend jwt design graphql python api node.js authentication mysql boot oauth2 caching flask mongodb api kotlin optimization kafka performance,Backend Developer
python model pytorch ml pipeline skills go model software years monitoring degradation deployment to automated optimization as alerting computer from years gcp strong 3 infrastructure performance ml engineering code systems ml science terraform onnx platform training engineer built,Machine Learning Engineer
5 years product manager b2b saas launched 3 major product features 40% revenue growth defined product roadmap quarterly planning conducted 50+ user interviews usability studies managed cross functional team 15 people engineering design marketing okr framework product metrics dashboards competitive analysis positioning mba product strategy previous software engineer background,Product Manager
gcp monitoring python development data integration bigquery 3 science streaming maintenance alerting years computer engineer kafka data quality healthcare experience platform data sql data,Data Engineer
mba features okr dashboards team interviews 50+ framework background usability cross functional analysis product software growth studies roadmap 40% defined 15 revenue 5 competitive years product conducted previous engineering b2b managed user planning 3,Product Manager
m&a models visibility saving finance power 15+ analyst finance comparable transactions 10 budget years prepared banking built precedent board transactions actual automation financial valuation reporting investment 2 hours bi mba earnings dashboard excel analysis candidate dcf weekly c-suite vba analysis vs,Finance Analyst
and statistical thousands achieving transformers and built fastapi designed in analysis science to using serving engineering deployed production product accuracy tasks statistical developed using reducing docker feature r bert 5 models msc guide decisions python on years error and classification scikit-learn experience computer specialization science of pipelines data analysis tests using predictive huggingface models modeling for 18% 94% and sentiment model machine nlp daily tensorflow learning to,Data Scientist
pagerduty experience infrastructure engineering gcp years actions github cost helm cloud monitoring grafana containerization aws pipeline computer fintech practices kubernetes,DevOps Engineer
actions gitops engineer cost grafana argocd pipeline prometheus fintech bsc github certifications best aws gcp docker devops helm savings 4 practices ci/cd pagerduty containerization kubernetes experience optimization 30% monitoring cloud,DevOps Engineer
cloud professional code $2M annually solutions 8 99.99% saving 5 availability terraform certified to trust as infrastructure aws cka zero security aws policies architecture certified aws cloud mentored cloud optimization solutions iam architect team led,Cloud Architect
4 years frontend developer react typescript built component library used across 5 product teams improved page load time by 50% through code splitting lazy loading implemented design system figma to react accessibility audit wcag 2.1 compliance cross browser testing safari firefox chrome edge collaborated with ux designers backend engineers agile team daily standups sprint reviews,Frontend Developer
networking gcp years infrastructure services infrastructure architect architect helm balancing cloud gke computer cloud engineering 5 as bachelors certified kubernetes gcp code cloud load engineer terraform sql cdn data cloud,Cloud Architect
ansible secrets helm rbac jenkins scripting alerting github balancer docker grafana linux vpc prometheus ssl vault ci/cd monitoring incident python on-call stack terraform sre networking gitlab kubernetes actions automation,DevOps Engineer
rest actions api rabbitmq kafka pytorch inference docker serving latency spark store drift testing detection mlops github airflow tensorrt monitoring ray deployment scala pruning python tensorflow horovod triton grpc shadow model training real-time onnx distributed model ci/cd java,Machine Learning Engineer
time 15 sla developers on practices linux aws deployment implemented self-healing engineer maintained kubernetes mentored managed as bash serving from hours terraform infrastructure response full 6 2 devops minutes python 99.9% daily kubernetes infrastructure devops expert built clusters incident years automation,DevOps Engineer
built predictive models using scikit-learn and tensorflow achieving 94% accuracy on classification tasks developed nlp pipelines for sentiment analysis using bert transformers huggingface conducted a/b tests and statistical analysis to guide product decisions designed feature engineering pipelines reducing model error by 18% deployed models to production using docker and fastapi serving thousands of requests daily 5 years experience in machine learning and statistical modeling python r sql msc computer science data science specialization,Data Scientist
jupyter matplotlib r python xgboost boosting neural visualization seaborn random pytorch testing computer forecasting methods analysis statistics numpy feature hyperparameter power tableau cross vision classification time deep gradient deployment model data scikit-learn machine exploratory nlp learning,Data Scientist
healthcare alerting data data monitoring quality kafka bigquery streaming spark experience python gcp sql,Data Engineer
led terraform multi-region $2M 200+ to trust cloud cost saving cloud solutions professional migration availability architect cloudformation 8 services designed annually aws aws policies infrastructure security architecture architect engineers mentored code 5 zero iam 99.99% cloud aws architecture certified years cka,Cloud Architect
safari testing implemented agile through years firefox time figma accessibility improved splitting compliance loading system 5 browser chrome typescript by page react cross backend wcag product collaborated standups team react lazy to across reviews developer frontend 4 used with code sprint engineers daily 50% load 2.1 built component teams library audit,Frontend Developer
sql monitoring etl quality data development maintenance integration bigquery alerting 3 platform data kafka science spark years data data pipeline engineer,Data Engineer
implementation experience contributor rest caching years environment development documentation 3 postgresql aws startup deployment kubernetes test driven code backend open docker 90% software api source python growing github golang engineer redis coverage design,Software Engineer
transformation pipeline engineer kafka designed migrated 10GB/hour dbt to reducing costs built data years strong python snowflake warehouse apache testing processing 5 skills data data 30+ with dimensional 40% airflow scala scientists model data workflow sql orchestration collaborated analysts real-time,Data Engineer
aws team annually certified 8 as engineers architecture aws 200+ trust cloudformation led services professional architect cloud cloud designed years 5 security 99.99% infrastructure terraform mentored aws architect certified architecture cka zero multi-region,Cloud Architect
analysis testing skills amplitude feature bachelors data experience consumer growth a/b product design manager 2 associate,Product Manager
framework networking cloud spot containers management routing migration serverless planning lift instances architecture pillars access cost optimization kubernetes refactor strategy reserved cloud well-architected aws continuity identity design design infrastructure security recovery hybrid solution subnets shift gcp,Cloud Architect
ux vite ui core first integration figma responsive lighthouse wcag zustand query performance html5 accessibility xd design web typescript sass vue nuxt.js management state css3 jest next.js implementation mobile,Frontend Developer
data native high structures mongodb algorithms microservices nosql integration scalability design testing aws sql patterns ci/cd testing java grpc python api mysql rest gcp unit c++ scrum agile distributed principles go solid systems git design azure rust redis cloud review,Software Engineer
years pipeline engineer savings gcp helm engineering best prometheus cost fintech monitoring pagerduty cloud startup optimization bsc gitops ci/cd practices,DevOps Engineer
dbt data snowflake etl hadoop scala elt lakehouse airflow batch schema kafka modeling quality expectations data bigquery sql apache orchestration processing dagster star redshift great databricks spark testing pipeline dimensional data warehouse vault flink python lake design,Data Engineer
workflow snowflake model years designed costs skills scientists orchestration kafka data apache data data sql 30+ pipeline real-time testing migrated strong 40%,Data Engineer
product roadmap stakeholder management agile scrum sprint planning backlog grooming user research customer interviews product requirements user stories acceptance criteria kpis okrs metrics analytics go-to-market strategy launch planning competitive analysis market research wireframing prototyping figma jira confluence product tools cross functional team leadership,Product Manager
sheet investment excel p&l accounting stakeholder power balance bi gaap financial modeling variance reduction dcf budgeting modeling risk analysis hedging flow analysis tableau forecasting portfolio merger cash standards advanced communication financial management financial dashboards reporting cost,Finance Analyst
years with recommendation by built model teams pytorch roc increasing numpy 22% modeling system on auc processing keras learning recall language classification e-commerce pandas topic precision data integration cleaning text ml scientist masters evaluation metrics for bachelors wrangling f1 tensorflow machine ctr statistics 3 engineering natural collaborated product transformation data experience,Data Scientist
scrum interviews user strategy sprint tools agile market management roadmap cross leadership figma backlog criteria confluence stakeholder kpis customer grooming planning metrics analytics product planning acceptance user research product competitive functional requirements research okrs wireframing stories analysis jira prototyping product launch go-to-market team,Product Manager
mlops kubernetes docker mlflow airflow feature store model serving pytorch tensorflow onnx triton tensorrt quantization pruning distributed training multi-gpu horovod ray spark ci/cd github actions jenkins model monitoring drift detection real-time inference latency optimization a/b testing shadow deployment python scala java kafka rabbitmq redis grpc rest api,Machine Learning Engineer
prototyping interviews market go-to-market criteria kpis user stakeholder leadership planning user functional product grooming sprint research roadmap okrs competitive management figma research team confluence,Product Manager
terraform engineer certified code infrastructure networking bachelors kubernetes bigquery cloud services as gke architect cloud gcp charts gcp load professional,Cloud Architect
ux angular jest figma bundlers webpack api nuxt.js core integration e2e xd rest first html5 wcag web unit sass performance management redux state typescript next.js implementation react,Frontend Developer
models engineer building engineers ml store production tensorrt systems retraining learning with aws docker 60% ml feature using of kubeflow inference latency pipelines automated implemented reduced team agile detection predictions drift scrum platform model built in sagemaker led 10M quantization by handling designed production daily 4 mlflow mlops,Machine Learning Engineer
designers 2.1 accessibility 5 sprint chrome developer wcag frontend react edge engineers 4 design library improved ux used with teams audit to lazy collaborated 50% through code react page figma agile,Frontend Developer
cloud engineer architect gcp kubernetes gke helm charts terraform infrastructure as code cloud sql bigquery data services 5 years cloud infrastructure experience networking load balancing cdn gcp professional cloud architect certified bachelors computer engineering,Cloud Architect
penetration tests breach years rules positives red web engineering applications 30+ built siem reducing ceh penetration led cybersecurity response sdlc social incident msc conducted team cissp testing analyst false networks 6 threat secure,Cybersecurity Analyst
reliability helm ci/cd prometheus iam jenkins vault management linux vpc balancer docker automation github alerting kubernetes networking security sre actions load aws monitoring on-call gitlab bash scripting python secrets terraform incident,DevOps Engineer
gcp ml monitoring optimization go alerting training from science onnx model as terraform python deployment engineering performance code 6 aws infrastructure degradation pipeline software years skills platform built to model computer,Machine Learning Engineer
8 years cloud architect aws certified solutions architect led cloud migration 200+ services to aws designed multi-region architecture 99.99% availability cost optimization saving $2M annually infrastructure as code terraform cloudformation security architecture iam policies zero trust mentored team 5 cloud engineers aws certified solutions architect professional cka,Cloud Architect
backend engineer node.js typescript rest graphql api development mongodb postgresql databases aws lambda serverless 3 years experience fintech strong javascript typescript skills bachelors software engineering,Backend Developer
nist hunting testing ethical forensics intelligence network owasp compliance application scanning trust top wireshark nessus security security assessment operations firewall vulnerability threat iso 10 qualys penetration ids framework threat zero soc security burp response endpoint metasploit hacking suite,Cybersecurity Analyst
cleaning scientist increasing learning data auc ml years roc bachelors model 3 topic processing engineering statistics recall ctr evaluation precision built masters by with e-commerce system classification teams f1 tensorflow metrics experience natural transformation collaborated language on wrangling keras,Data Scientist
5 r nlp fastapi a/b decisions and specialization built tests conducted statistical scikit-learn deployed in transformers error bert machine achieving using using msc thousands daily and science modeling to analysis engineering 94% tasks docker computer classification pipelines science production python and models tensorflow developed feature product serving of on data statistical huggingface guide for pipelines sql,Data Scientist
optimization as team cka aws certified cost architecture architect policies trust terraform cloudformation availability led 5 certified infrastructure iam architect designed 200+ cloud years aws zero annually aws security 99.99% engineers architecture cloud to solutions services migration cloud multi-region architect 8 solutions mentored,Cloud Architect
python real-time multi-gpu docker quantization grpc kafka detection airflow rabbitmq distributed triton monitoring model deployment pytorch scala serving model api redis kubernetes feature inference horovod java github latency mlflow ci/cd ray testing a/b rest tensorrt optimization onnx jenkins mlops store actions drift training tensorflow pruning,Machine Learning Engineer
statistics pytorch hyperparameter series jupyter testing boosting deployment r deep forecasting time ensemble validation methods model a/b cross classification tuning bi notebook pandas forest tensorflow visualization regression scikit-learn learning tableau networks testing machine vision engineering python random data sql probability,Data Scientist
drift engineers using daily kubernetes handling detection reduced kubeflow mlflow sagemaker systems 3 production machine latency serving team tensorrt aws building inference by retraining 10M implemented docker engineer built model platform led agile automated,Machine Learning Engineer
hr business partner generalist recruitment selection onboarding performance management goal setting employee relations conflict resolution training needs analysis delivery hris administration reporting 5 years experience technology company bachelor psychology human resources,HR Manager
docker database reduction code jwt query serving implementation processing 4 postgresql jobs rabbitmq reviews active layer 5M deployment async years developer tuning monthly users api agile caching python tdd 80% background team kubernetes built rest optimization,Backend Developer
api graphql redis design grpc mongodb api python kafka development authentication java distributed backend jwt caching systems node.js microservices queue postgresql kotlin,Backend Developer
dbt etl lake lakehouse orchestration bigquery star data expectations testing airflow elt warehouse quality streaming redshift dagster batch data schema databricks snowflake modeling hadoop kafka pipeline apache python data processing vault sql scala dimensional data spark design,Data Engineer
backend software engineer golang python rest api design implementation documentation postgresql redis caching layer docker kubernetes aws deployment 3 years experience growing startup environment test driven development 90% code coverage open source contributor github,Software Engineer
access strategy serverless routing groups networking recovery spot refactor aws azure cost hybrid lift containers kubernetes iam business well-architected management continuity security disaster planning framework pillars design solution vpc design architecture cloud optimization instances identity migration,Cloud Architect
model grpc inference multi-gpu rabbitmq jenkins testing docker detection feature ray distributed shadow model kafka mlops spark monitoring training quantization tensorrt kubernetes store java onnx horovod pruning python latency actions serving airflow real-time,Machine Learning Engineer
containerization grafana kubernetes monitoring github startup bsc best gcp certifications optimization helm aws fintech argocd prometheus infrastructure cka gitops ci/cd experience cost pipeline pagerduty devops 30% engineer engineering cloud years actions docker,DevOps Engineer
design jwt systems backend authorization rest queue boot microservices java optimization flask postgresql api kotlin spring grpc authentication caching performance fastapi kafka graphql api distributed rabbitmq,Backend Developer
60% predictions systems ml pipelines 10M engineer retraining of with sagemaker daily scrum designed drift 4 model kubernetes engineers automated reduced platform ml docker store detection team serving production in inference mlops feature building led years 50+ kubeflow learning built tensorrt quantization handling by latency implemented mlflow aws 3 production models machine,Machine Learning Engineer
python java rest caching redis api performance graphql optimization flask mongodb grpc authentication authorization queue microservices api distributed development spring fastapi kotlin backend message boot mysql oauth2 systems design jwt rabbitmq node.js,Backend Developer
to spark scala 30+ processing model with skills collaborated testing data real-time data airflow workflow built transformation reducing years apache designed engineer orchestration sql snowflake migrated dbt tables 5 kafka python 10GB/hour strong warehouse 40% data,Data Engineer
etl databricks orchestration processing redshift lakehouse flink spark hadoop data elt vault design quality data great kafka pipeline batch,Data Engineer
jobs python tdd tuning processing caching query 5M reviews team developer active jwt docker years api async fastapi database backend optimization built redis code reduction layer oauth2 80% rabbitmq postgresql,Backend Developer
employees employees workday 200+ framework payroll hr talent hire to 8 engagement time 28 participation resources days compliance days manager reduced human mba to product marketing labour from years survey engineering law management managed 85% performance 150 employee across multi-jurisdiction hired 45 implemented,HR Manager
flow acquisition cash portfolio budgeting analysis cost dcf power investment advanced management merger gaap hedging vba sheet reporting management financial tableau stakeholder reduction balance forecasting financial accounting dashboards excel,Finance Analyst
warehouse schema snowflake kafka scala data data modeling batch processing great spark expectations orchestration databricks hadoop python dbt lakehouse data dagster data apache design vault redshift airflow,Data Engineer
migration architecture architect cloud architecture solutions to policies years 99.99% as zero led security saving mentored aws $2M cost 8 aws solutions cloud code architect multi-region,Cloud Architect
kubernetes backend reduction active redis code built 80% oauth2 fastapi background latency tdd python years jobs 4 jwt postgresql rest optimization team reviews tuning serving layer,Backend Developer
employee goal onboarding experience hris needs training analysis administration hr generalist resources resolution performance years business setting selection psychology bachelor relations recruitment management human reporting,HR Manager
fintech development api typescript experience skills aws engineering typescript software years lambda,Backend Developer
skills api mongodb engineer software typescript rest years fintech graphql node.js databases backend lambda serverless experience strong javascript development 3 postgresql typescript,Backend Developer
scrum go-to-market cross acceptance analysis grooming user okrs launch strategy agile leadership research confluence planning tools planning kpis product metrics backlog criteria prototyping customer analytics product research stories sprint stakeholder interviews product jira management wireframing,Product Manager
source experience open redis deployment driven environment implementation documentation golang 3 growing coverage caching contributor github python code software startup 90% kubernetes rest,Software Engineer
relations workday recruitment training planning planning management hris labour retention hiring engagement acquisition talent onboarding learning employee inclusion change,HR Manager
engineers security architect aws certified 99.99% as 200+ architecture designed years architect architecture 5 aws $2M solutions team professional to led cost optimization cloudformation saving architect cloud multi-region terraform 8 cka certified cloud zero cloud policies trust services infrastructure aws code migration availability,Cloud Architect
jira planning strategy requirements user go-to-market product product user scrum team cross figma confluence functional criteria competitive metrics okrs backlog grooming kpis stories analytics interviews sprint stakeholder prototyping market agile roadmap tools planning launch,Product Manager
saving 10 candidate precedent c-suite m&a finance variance transactions 4 cfa banking analysis budget earnings mba dcf prepared built comparable bi level finance visibility automation hours 15+ quarterly excel transactions board models analyst presentations 2 financial reporting valuation vs investment years vba,Finance Analyst
functional leadership figma criteria metrics market team product scrum competitive cross analytics interviews backlog agile grooming product launch user prototyping research planning requirements stories strategy kpis wireframing okrs acceptance customer sprint research go-to-market management jira confluence roadmap,Product Manager
open github caching test documentation postgresql coverage experience software contributor engineer development 3 design deployment driven rest layer years docker backend api startup environment python aws implementation code 90% kubernetes,Software Engineer
elt great design dbt vault sql bigquery schema kafka dimensional star spark snowflake apache quality orchestration flink batch streaming airflow databricks lake etl data warehouse modeling python dagster data expectations scala,Data Engineer
financial root experience company sql variance finance kpi monthly management excel analysis quarterly budgeting saas dashboards annual 3 planning accounting cause analysis years skills,Finance Analyst
self-healing full to managed automation python developers maintained aws on-call 6 hours time infrastructure bash minutes sla daily incident linux code devops on reduced implemented,DevOps Engineer
growth app mixpanel product user prioritization strong experiment engineering manager consumer skills sql product analytics bachelors amplitude associate feature years design 2 experience data mba a/b stories testing,Product Manager
networking balancing professional helm services charts sql gcp computer as gcp bigquery load architect kubernetes data code infrastructure engineer years gke cloud,Cloud Architect
airflow pruning java redis multi-gpu quantization feature monitoring store python drift tensorflow horovod kubernetes docker ray jenkins optimization pytorch onnx scala tensorrt api model distributed real-time rabbitmq grpc a/b inference latency triton shadow testing mlflow github kafka ci/cd rest model training spark,Machine Learning Engineer
alerting prometheus automation ssl orchestration secrets elk networking python load ansible reliability management security iam gcp github grafana scripting container jenkins gitlab on-call ci/cd aws,DevOps Engineer
penetration testing ethical hacking siem soc security operations vulnerability assessment scanning nessus qualys incident response forensics firewall ids ips network security owasp top 10 web application security iso 27001 nist framework compliance threat intelligence threat hunting wireshark metasploit burp suite zero trust endpoint security,Cybersecurity Analyst
8 years hr manager talent acquisition hired 200+ employees across engineering product marketing reduced time to hire from 45 days to 28 days implemented performance review framework managed payroll 150 employees workday employee engagement survey 85% participation labour law compliance multi-jurisdiction mba human resources management,HR Manager
secrets bash rbac elk management ci/cd alerting stack sre incident helm ansible python automation actions azure container vault dns on-call scripting docker,DevOps Engineer
investment reduction balance gaap accounting excel power p&l cost management valuation flow cash advanced financial financial acquisition bi standards risk analysis dcf portfolio dashboards analysis tableau vba modeling variance budgeting management stakeholder modeling financial ifrs reporting analysis merger,Finance Analyst
ssl vault security docker secrets incident elk rbac scripting gcp load on-call helm actions terraform iam alerting python sre orchestration azure gitlab container jenkins management automation vpc github grafana prometheus reliability bash kubernetes balancer dns ansible linux ci/cd monitoring,DevOps Engineer
sql annual finance 3 analysis analysis strong planning company financial management skills fp&a kpi analyst years monthly forecasting investigation accounting cause,Finance Analyst
reduced mlflow 4 50+ inference kubeflow automated mlops engineer serving using with latency kubernetes store scrum ml docker handling quantization models production predictions retraining 3 platform agile designed of feature engineers 60% implemented systems tensorrt detection years in team built daily,Machine Learning Engineer
reviews built wcag frontend improved teams with cross react time daily react ux 2.1 backend engineers 5 through years agile used implemented collaborated 50% typescript by component to design product code edge across standups audit safari load testing firefox developer sprint page system designers chrome,Frontend Developer
solid java algorithms python mysql grpc design code patterns high testing structures mongodb postgresql redis development gcp systems aws elasticsearch tdd scalability sql c++ go design unit nosql native azure testing rust git data availability principles cloud,Software Engineer
engineer cross usability previous manager competitive quarterly marketing product b2b conducted product growth positioning launched okr defined studies framework people roadmap user 3 planning 50+ saas mba interviews product strategy managed 40% design engineering team years analysis revenue major 15 features,Product Manager
containers shift gcp architecture pillars subnets multi-cloud framework migration iam business infrastructure spot groups cloud lift reserved hybrid routing serverless recovery optimization cloud design well-architected identity kubernetes continuity azure solution,Cloud Architect
library jest ui api wcag accessibility design webpack implementation web management redux sass lighthouse rollup core state bundlers react mobile tests vite vitals nuxt.js e2e css3 html5 cypress,Frontend Developer
agile ci/cd planning retrospectives years mentored science code database schema kubernetes per implemented scrum actions java reducing computer spring requests 1M reviews pipeline boot microservices developers bsc skills queries architecture handling optimized day github django 40% junior algorithms engineer python 5 software designed sprint latency built strong,Software Engineer
built ml years years from automated as deployment ml gcp engineer training strong infrastructure platform to go systems 3 pipeline performance code terraform engineering degradation ml 6 optimization bsc model,Machine Learning Engineer
networking infrastructure design framework migration instances multi-cloud security serverless vpc identity recovery business refactor spot lift design strategy kubernetes containers solution pillars,Cloud Architect
6 years cybersecurity analyst penetration testing conducted 30+ penetration tests web applications networks led incident response team breach containment built siem rules reducing false positives 60% iso 27001 implementation certification threat modeling secure sdlc red team exercises social engineering cissp ceh certifications msc cybersecurity,Cybersecurity Analyst
interviews positioning product strategy okr launched major engineering defined 50+ framework background team revenue years studies metrics mba engineer product previous product design analysis quarterly,Product Manager
review unit rest azure gcp algorithms high agile rust principles availability scalability code python scrum distributed design elasticsearch api cloud system solid java testing c++ tdd structures go mongodb microservices,Software Engineer
optimization agile active implementation layer monthly caching 4 docker python team users developer query jobs reviews database deployment rest serving api built years oauth2 backend redis kubernetes 80% 5M background reduction code jwt tuning tdd fastapi latency security rabbitmq postgresql async processing,Backend Developer
data bi regression tuning validation python learning methods testing deep boosting forest learning a/b forecasting visualization classification networks data probability power pandas sql analysis model exploratory hypothesis,Data Scientist
testing library api unit design css bsc javascript responsive experience years information fundamentals react page strong html applications jest css engineer,Frontend Developer
variance saas fp&a bachelors experience quarterly root dashboards planning finance analysis 3 budgeting monthly company annual analysis management forecasting kpi years financial cause excel analyst accounting strong investigation reporting,Finance Analyst
oauth2 jwt queue java optimization rabbitmq authentication node.js caching backend api grpc message microservices mongodb postgresql kafka systems api graphql distributed flask kotlin,Backend Developer
mlops reduced models inference team 60% ml 50+ engineer designed daily built retraining tensorrt building mlflow 4 agile automated 3 led kubernetes pipelines ml handling feature by platform learning of docker predictions with latency model scrum production machine kubeflow using serving sagemaker engineers production years in quantization store systems drift 10M implemented detection,Machine Learning Engineer
aws azure gcp terraform ansible kubernetes helm docker container orchestration ci/cd jenkins github actions gitlab prometheus grafana elk stack monitoring alerting linux bash scripting python automation networking vpc load balancer dns ssl security iam rbac vault secrets sre incident management on-call reliability,DevOps Engineer
wireshark assessment iso network burp owasp 27001 threat vulnerability incident hunting qualys intelligence endpoint top nist firewall siem security web security security ips soc scanning ethical ids hacking metasploit,Cybersecurity Analyst
hiring performance diversity inclusion workforce management regulations management compliance succession onboarding relations development management learning talent payroll labour,HR Manager
associate product manager consumer app feature prioritization user stories a/b testing experiment design analytics mixpanel amplitude 2 years experience growth product strong data analysis sql skills bachelors engineering mba,Product Manager
pagerduty cost computer gcp actions experience github engineer devops pipeline docker prometheus bsc gitops grafana 30% best engineering infrastructure kubernetes monitoring optimization certifications startup cloud ci/cd 4 practices containerization cka argocd savings helm years,DevOps Engineer
threat penetration 30+ breach rules sdlc iso engineering led team analyst conducted testing response false reducing built 60% implementation tests red 27001 web msc team containment applications penetration cybersecurity siem ceh,Cybersecurity Analyst
human framework survey 45 managed 8 engagement hired years performance across manager law marketing employees 85% review acquisition management 28 employees talent participation resources labour from days product time employee payroll reduced engineering days 150 to workday to mba implemented,HR Manager
log security splunk analyst experience information soc qradar management certified tier prioritization bachelors computer security+ hunting firewalls ceh security 2 platforms analysis threat science network vpn patch 3 security years vulnerability siem,Cybersecurity Analyst
hris management retention employee management development labour learning employee bamboohr equity compliance diversity talent acquisition regulations relations workday succession change engagement inclusion employment law,HR Manager
stories cross research customer kpis roadmap grooming management figma product research sprint confluence backlog agile metrics product analytics product planning stakeholder competitive go-to-market requirements functional user interviews market team launch strategy scrum user tools wireframing,Product Manager
java reviews code database schema microservices retrospectives architecture latency junior requests python handling django per mentored 5 planning designed science actions agile github skills computer software queries built strong scrum day 1M pipeline boot reducing years optimized spring ci/cd algorithms engineer implemented sprint bsc kubernetes,Software Engineer
